{
    "metadata":{
        "version":3,
        "position":32,
        "normal":32,
        "generator":"io_three",
        "type":"BufferGeometry"
    },
    "data":{
        "index":{
            "itemSize":1,
            "array":[0,1,2,3,4,5,6,7,8,9,10,11,12,13,14,15,16,17,0,18,1,3,19,4,20,21,22,23,24,25,26,27,28,29,30,31],
            "type":"Uint16Array"
        },
        "groups":[{
            "materialIndex":0,
            "start":0,
            "count":36
        }],
        "attributes":{
            "position":{
                "itemSize":3,
                "array":[1.22613,-1.87353,-0.435222,-0.776491,-1.87353,1.56739,-0.776491,-1.87353,-0.435223,-0.776491,0.129084,-0.435222,1.22612,0.129084,1.56739,1.22613,0.129084,-0.435222,1.22613,0.129084,-0.435222,1.22613,-1.87353,1.56739,1.22613,-1.87353,-0.435222,1.22612,0.129084,1.56739,-0.776491,-1.87353,1.56739,1.22613,-1.87353,1.56739,-0.776491,-1.87353,1.56739,-0.776491,0.129084,-0.435222,-0.776491,-1.87353,-0.435223,1.22613,-1.87353,-0.435222,-0.776491,0.129084,-0.435222,1.22613,0.129084,-0.435222,1.22613,-1.87353,1.56739,-0.776492,0.129084,1.56739,1.22613,0.129084,-0.435222,1.22612,0.129084,1.56739,1.22613,-1.87353,1.56739,1.22612,0.129084,1.56739,-0.776492,0.129084,1.56739,-0.776491,-1.87353,1.56739,-0.776491,-1.87353,1.56739,-0.776492,0.129084,1.56739,-0.776491,0.129084,-0.435222,1.22613,-1.87353,-0.435222,-0.776491,-1.87353,-0.435223,-0.776491,0.129084,-0.435222],
                "type":"Float32Array"
            },
            "normal":{
                "itemSize":3,
                "array":[0,-1,0,0,-1,0,0,-1,0,0,1,0,0,1,0,0,1,0,1,-2.38107e-07,0,1,-2.38107e-07,0,1,-2.38107e-07,0,-1.19054e-07,-2.38107e-07,1,-1.19054e-07,-2.38107e-07,1,-1.19054e-07,-2.38107e-07,1,-1,-1.19053e-07,-2.38107e-07,-1,-1.19053e-07,-2.38107e-07,-1,-1.19053e-07,-2.38107e-07,2.97634e-07,2.38107e-07,-1,2.97634e-07,2.38107e-07,-1,2.97634e-07,2.38107e-07,-1,0,-1,0,0,1,0,1,3.5716e-07,5.95268e-07,1,3.5716e-07,5.95268e-07,1,3.5716e-07,5.95268e-07,-4.76214e-07,1.19053e-07,1,-4.76214e-07,1.19053e-07,1,-4.76214e-07,1.19053e-07,1,-1,-1.19054e-07,-2.38107e-07,-1,-1.19054e-07,-2.38107e-07,-1,-1.19054e-07,-2.38107e-07,2.38107e-07,1.7858e-07,-1,2.38107e-07,1.7858e-07,-1,2.38107e-07,1.7858e-07,-1],
                "type":"Float32Array"
            }
        }
    }
}